No.,Title,Text
1,ミツウロコグリーンエネルギー、系統用蓄電池第2号案件運用開始,ミツウロコグリーンエネルギー（東京都中央区）は12月15日、再生可能エネルギー主力電源化の普及および電力系統の安定化に向けた取り組みとして、宮城県仙台市の所有地に系統用蓄電池を設置し「ミツウロコ宮城県仙台蓄電所」として運用を開始した。同蓄電所は9月20日より運用を開始した「ミツウロコ愛知県田原蓄電所」」に続く2件目。出力は1534kW、容量は6140kWhとなっており、蓄電池を「調整力」として活用し、再エネ電源の発電計画に対する過不足分を蓄電池の充放電制御で補うことで電力系統の安定化にも寄与する。また、本蓄電所は分散型エネルギーリソースの制御などに用いることも可能だという。
2,東京都、「超小型燃料電池車の開発」など13件の地域発製品開発を支援,東京都と東京都中小企業振興公社は12月21日、東京の地域資源等を活用した、または、都市課題を解決する新製品・新サービスの開発に取り組む中小企業者等を支援する事業について、13件の支援先を決定したと発表した。事業名は2023年度「TOKYO地域資源等を活用したイノベーション創出事業」。地域資源活用事業と東京の都市課題解決事業により製品等の開発に取り組み、地域発の小さなイノベーションを創出することが狙い。
3,トヨタ、タイでの脱炭素化に向けた協業を加速へ　合意書締結,トヨタ自動車（愛知県豊田市）は12月19日、タイのCharoen Pokphand（CP）グループ、True　Leasing（TLS）、Siam Cement Group（SCG）とトヨタ出資のCommercial Japan Partnership Technologies（CJPT／東京都文京区）と共に、タイでのカーボンニュートラル実現に向けた協業を加速するため、協業基本合意書を締結したと発表した。財閥であるCPグループ、セメント製造のSCGの現場で、物流効率化やカーボンニュートラル車両を導入するなどこれまで実施してきた協業の成果を踏まえ、さらなる取り組みの推進がねらい。自国の資源を活かした「タイならでは」のカーボンニュートラル社会の実現を目指す。
4,北陸電力に業務改善指導、グループ送配電会社を通じ新電力の顧客情報が筒抜け,電力・ガス取引監視等委員会は12月19日、北陸電力（富山県富山市）グループの一般送配電事業者である北陸電力送配電（同）に対し、新電力の顧客等に係る非公開情報の漏えい等に係る業務改善指導を行ったと発表した。今般、北陸電力送配電において、新電力の顧客等に係る非公開情報が、北陸電力において閲覧可能な状態となっていたことが判明した。いずれの事案においても、北陸電力の従業員による不適切な情報の閲覧や業務利用は認められていない。
5,COP28、2030年に再エネ3倍、エネ効率2倍とする目標で合意,アラブ首長国連邦（UAE）・ドバイにおいて開催されていた、国連気候変動枠組条約第28回締約国会議（COP28）は12月13日（現地時間）、最終合意文書「UAEコンセンサス」を採択して閉幕した。この最終合意文書では、2030年までに世界の再生可能エネルギーの容量を3倍とし、エネルギー効率を2倍にする目標の設定や、化石燃料からの脱却の加速に言及している。石油、ガス、石炭などの化石燃料については、「段階的に削減」または「段階的に廃止」すべきという意見もあり、議論は紛糾した。※記事単位での購入はポイントが必要です
6,東急不動産、保有ビルZEB化　電気使用量42％・CO2年間1360t減,東急不動産（東京都渋谷区）は12月18日、管理運営する「一番町東急ビル」（東京都千代田区）、「恵比寿ビジネスタワー」（東京都渋谷区）が、それぞれ同月1日・8日付けで改修工事によるBELS（建築物省エネルギー性能表示制度）評価を取得し、ZEB Orientedを達成したと発表した。また、「日本橋本町東急ビル」（東京都中央区）も現在BELS申請中（2024年1月末に取得予定）で、ZEB Orientedを達成する見込みとしてる。
7,AZEC首脳会合　岸田首相は経済界同士の連携に向けた会議設置を提案,日ASEAN（東南アジア諸国連合）友好協力50周年を記念する日ASEAN特別首脳会議が、12月16日～18日に東京で開催された。また、この機会を捉え、12月18日に、各国の状況に合わせた多様な道筋でアジア地域全体の脱炭素化を目指す、アジア・ゼロエミッション共同体（AZEC）首脳会合が開催された。AZEC首脳会合には、AZECパートナー国の首脳が参加し、AZECの考え方や活動に係る議論を実施した。経済産業省は12月18日、この会合の結果をとりまとめ報告した。
8,三菱地所、国内初「気候テック」に特化したイノベーション拠点を来年秋開設,三菱地所（東京都千代田区）は、「気候テック（Climate Tech）」において国内初のイノベーション拠点「（仮称）Japan Climate Tech Lab」を新大手町ビル（東京都千代田区）を2024年秋に開設することを発表した。
9,水素・CCUSは黄信号か　ビジネス視点で見る地球沸騰化時代のCOP28,COP28が12月13日に閉幕した。7月に国連のグテーレス事務総長が「地球沸騰の時代が到来した」と警鐘を鳴らした後のこの会議。その結果は、ビジネス視点ではどのように捉えられるものだろうか。再エネや省エネ、石炭火力、水素、CCUSなどのそれぞれの事業や技術の果たす役割が見えてくる。京都大学名誉教授で地球環境戦略研究機関シニアフェローの松下 和夫氏に「COP28の結果とビジネスへの意味」を解説してもらった。（後編、前編はこちら）COP28の結果は、今後のビジネスにとってどのような意味があるか。第1は、国際社会が再エネを2030年までに3倍に拡大することに合意したことから、日本でも再エネの拡大を最大限加速する必要性が高まることである。※記事単位での購入はポイントが必要です
10,再エネ価値はさらに細分化するか？ ―非化石価値市場の変遷とビジネスチャンス（2）,連載「再エネビジネスの視点で捉える電力業界における最近の注目動向」第14回。非化石価値取引市場は、再エネ価値取引市場、高度化法義務達成市場（再エネ指定なし／あり）の3つに分かれている。課題となっていることや、さらなる細分化が懸念される理由とは何か。再エネ電力事業の最前線で立上げ・運営をリードした小嶋 祐輔氏が解説する。（バックナンバーはこちら）前回に引き続き、非化石価値取引市場について解説する。需要家側のニーズに合わせる形で、価値の体系や市場が多様になったが、それにより、それぞれが市場を形成するほどの規模にならない課題が発生している。電気を使う人の再エネ価値の調達方法や、小売電気事業者の皆さんが非化石価値取引の方針策定をする上で一助にしてもらいたい。現在、非化石価値取引市場は、（1）再エネ価値取引市場（FIT電源から出てくる非化石価値を取引する市場）、（2）高度化法義務達成市場（再エネ指定なし）、（3）高度化法義務達成市場（再エネ指定あり）の3つに分かれている。高度化法義務達成市場は、非化石価値のある電源からの電力調達を義務付けられた事業者が、義務達成のために非化石価値を調達できる市場である。※記事単位での購入はポイントが必要です
11,ホテル運営のグリーンズ、自然電力から再エネ購入　23年6月以来2回目,「コンフォートホテル」などを運営するグリーンズ（三重県四日市市）は12月13日、自然電力（福岡県福岡市）が代理調達したトラッキング付FIT非化石証書を購入し、再エネを導入したと発表した。福岡県内の水力発電所から創出された証書を購入することで、県内における「環境価値」の地産地消に貢献する。今回の購入量は、同社運営「コンフォートホテル小倉」（福岡県北九州市）の年間CO2排出量約131トン分に相当する。
12,アジア開発銀、フィリピンの太陽光発電PJを支援　145億円融資,アジア開発銀行（ADB）とフィリピンの大手財閥アヤラ・コーポレーション傘下の発電会社ACENは、フィリピンの太陽光発電容量を増強し、同国のエネルギー転換目標を支援するため、最大55億ペソ（約145億円）の融資に調印した。資金は、ACENの太陽光発電プロジェクトに充てられる。年間450GWhの発電容量の増加になり、2029年までに、年間27万7650トンのCO2排出量を削減できる見込みだ。
13,PXP、「曲がるソーラーパネル」の新しい貼り合わせ技術を開発,太陽電池製造のスタートアップPXP（神奈川県相模原市）は12月19日、金属箔基盤を用いた「曲がる太陽電池」のセルをつなげる新たな貼り合わせ技術を開発したと発表した。新技術では、性能を下げることなくセル同士を直接貼り合わせることができ、振動に強く、糊代部分のロスなく並べることが可能に。これにより、大きさ・形も自由な曲がるソーラーパネルの制作が可能になる。太陽電池セルをつなげる方法では、タブ線とはんだを用いる手法が一般的だが、コストや銀の使用量の削減が課題となっていた。そのため、近年はセルを直接貼り合わせる方法の開発が盛んに行われている。
14,「化石燃料からの脱却」に合意　地球沸騰化時代のCOP28結果の主要点,CO28が12月13日に閉幕した。7月に国連のグテーレス事務総長は「地球沸騰化の時代」と警鐘を鳴らした後のこの会議ではどのような議論がなされたのか。「化石燃料からの脱却」に合意したがその実効性は？また、気候変動による損失と損害のための基金には7億9200万ドル（日本円で約1150億円）の拠出が表明されたが、果たして対策として十分なものなのだろうか。京都大学名誉教授で地球環境戦略研究機関シニアフェローの松下 和夫氏に「COP28の結果とビジネスへの意味」を解説してもらった。（前編）観測史上最も暑かった今年の12月に産油国のUAE（アラブ首長国連邦）でCOP28（国連気候変動枠組条約第28回締約国会議）が開催された。COP28の交渉の中心は、パリ協定の下での初めての「グローバル・ストックテイク」の集大成であり、特に化石燃料についてどのような見解を示すかであった。※記事単位での購入はポイントが必要です
15,損保ジャパンと古河電工、太陽光の銅線盗難対策でアルミ導体ケーブルを提供,損害保険ジャパン（東京都新宿区）と古河電気工業（同・千代田区）は12月15日、太陽光発電設備の銅線（銅導体ケーブル）盗難対策として、アルミ導体ケーブルの活用を促進する新サービスを開始したと発表した。同サービスは11月1日より提供している。太陽光発電設備の銅導体ケーブル盗難被害時における早期の復旧と、ケーブル盗難の再発防止を図ることで、太陽光発電による電力の安定供給に貢献する。
16,シチズン時計子会社、工場にグループ最大規模の太陽光発電を導入,シチズン時計マニュファクチャリング（埼玉県所沢市）は12月14日、ミヨタ佐久工場（長野県佐久市）に導入した太陽光発電設備の稼働を開始した。同工場内の屋上に設置した太陽光パネルは4714枚、総パネル面積は8643.2m2で、シチズングループ事業所での最大規模となる。同社は、CO2排出量削減に向けて、再生可能エネルギーの活用を推進するため、同施設の導入を決定した。佐久市の日照時間は全国トップクラスであることから、同社は同設備導入の効果は大きいと見ている。同設備の年間発電量は2033MWhで、同工場で使用する電力の約20.4％を賄う。これにより、年間約714.9トンのCO2排出量を削減できる見込みだ。
17,関電・双日、国内最大級5万kWオフサイトPPA　JR西の主要線向け,西日本旅客鉄道（大阪府大阪市）は12月14日、関西電力（同）および双日（東京都千代田区）と、コーポレートPPAに関する基本合意書を締結し、JR京都線・神戸線・宝塚線などの近畿エリア主要線に再エネ電力を導入すると発表した。早ければ2026年中に供給を開始する。この取り組みでは、双日がJR西専用の太陽光発電設備（出力約5万kW）を開発し、発電した再エネ電力と環境価値（非化石証書）を関電がJR西に販売。JR西は主要線区の列車運転用電力に活用する。
18,千葉商科大、地域共生型の再エネ導入　オフサイトコーポレートPPA活用,千葉商科大学は12月14日、「千葉商科大学大木戸ソーラー発電所（千葉市緑区）」で発電された電力を、20年間固定価格で購入すると発表した。開始は2024年4月1日から。同学はこれまでも、所有する土地・建物屋上に太陽光発電設備を設置する取り組みを行ってきたが、さらなる再エネの導入拡大を目指し、オフサイトコーポレートPPAにより、学外の農地を活用した営農型太陽光発電設備を導入する。
19,東邦ガス、e-メタン年間約3万トン導入へ　豪企業と事業性を検討,東邦ガス（愛知県名古屋市）は12月13日、豪州のエネルギー企業サントスの100％子会社であるサントスベンチャーズ社と、豪州におけるe-メタンの製造と日本への輸出に向けた事業性検討に関する共同スタディ契約を締結したと発表した。両社は、同検討において、豪州の豊富な再エネ電力からつくり出す水素とCO2を原料に、豪州中東部のクーパーベイスンでのe-メタンの製造、および既存のLNG基地を活用したe-メタンの日本への輸出に関する実現性評価を共同で実施する。
20,北陸電力、イベント事業者向け再エネ電気料金メニューの提供開始,北陸電力（富山県富山市）は12月13日より、イベントで使用する電気に再エを活用した電気を提供する電気料金メニュー「かがやきGREEN MICE」の提供を開始した。同日、第1号案件として富山県労働者福祉事業協会のイベント（貸し会議室「ボルファートとやま」で開催）に同メニューによる電気を提供し、CO2排出量を約374kg-CO2削減したと発表した。
21,サンヴィレッジら、地域新電力「金シャチエナジー」を共同設立,太陽光発電所建設・運営事業を展開するサンヴィレッジ（栃木県足利市）は12月15日、再エネ発電を中心事業とする地域新電力「金シャチエナジー（愛知県名古屋市）」を共同設立したと発表した。オフサイトPPAを活用し、地域の脱炭素化を後押しする。新会社では、東海エリアの電力需要家に対し、太陽光発電のほか、未利用地や施設の屋上・屋根を活用したPPAやソーラーシェアリングなどの再エネの電源開発を行い電力を供給するほか、地方自治体の地域脱炭素化事業を支援していく。共同出資者と各社の役割は以下のとおり。
22,【限定公開】日立の旗艦工場におけるGX・脱炭素化プロジェクトの全容PR,「2050年カーボンニュートラル実現」という政府目標が掲げられて以降、あらゆる企業で気候変動への対応や脱炭素経営に向けた取り組みが問われている。そんな中、日立は環境長期目標「日立環境イノベーション2050」を掲げ、2030年度までの事業所におけるカーボンニュートラル達成と2050年度までのバリューチェーン全体でのカーボンニュートラル達成のほか、水や資源の高度循環社会、生態系の保全を旨とする自然共生社会の実現などを表明した。その具体的な取り組みとして2022年に始動したプロジェクトが「大みかグリーンネットワーク」だ。本プロジェクトでは、脱炭素を中心として再生可能エネルギーや生物多様性などさまざまな環境テーマに沿った実証プログラムを通じて新たな技術やノウハウを蓄積し、環境に関わる社会課題の解決に向けた協創を追求する。本プロジェクトの基点となる日立の大みか事業所は、1969年の開設以来、長年にわたって鉄道や電力など社会インフラを支える情報制御システムの設計・製造・開発・保守を担ってきた。先進技術や環境配慮に関する新たな試みにいち早く取り組んできた本事業所は、日立の事業をリードするいわば『旗艦工場』でもある。本事業所は2020年に、世界経済フォーラム（WEF）が認定する第四次産業革命をリードする先進的な工場「Lighthouse」に日本で初めて選出されている。現在は徹底した精算・エネルギー管理による工場経営DXを通じて得た知見をもとに、脱炭素化を進めるのに必要なコストとCO2排出量を削減する環境経営GXを推進することで事業の継続と成長、そして脱炭素を両立させるのがねらいだという。今回は「大みかグリーンネットワーク」のプロジェクト概要をまとめた資料を、期間限定で公開する。CO2排出量の見える化と削減目標の設定、エネルギー最適化、再エネ拡大、EV導入、自然共生など、事業所で実際に行った取り組みの具体例が端的にまとめられている。ぜひとも自社の脱炭素化に向けた取り組みの参考にしてほしい。※2024年3月上旬まで公開の予定株式会社日立製作所住所：〒140-8574東京都品川区南大井六丁目26番1号　大森ベルポートA館HP：日立製作所
23,ペロブスカイト太陽電池の実証、神奈川県も実施へ　エネコート・日揮と連携,神奈川県は12月12日、ペロブスカイト太陽電池の実用化と普及啓発に向けて、エネコートテクノロジーズ（京都府久世郡）および日揮（神奈川県横浜市）と連携協定を締結すると発表した。既存建築物への導入を視野に、外置き・後づけを中心とした同太陽電池の実用化に向けた実証を行う。この取り組みの中心的役割を担うのは、京都⼤学発のスタートアップ企業エネコートテクノロジーズ。今回の実証では、ペロブスカイト太陽電池を提供するほか、発電性能に関する検証や実用化・量産化に向けた研究・開発を行う。日揮は、実証設備の設置および発電システムの設計・施工を担当し、シリコン系太陽電池のリパワリング（経年劣化した既存設備に、ペロブスカイト太陽電池を設置し発電量を増強する）の実証を検討する。また、街並みや導入先のニーズにマッチする施工方法・リサイクル方法の検討も行う。
24,「取引先からはどんな脱炭素要請が想定されるか？」分類と経営層への理解,「銀行や取引先などさまざま方面から脱炭素について来ているがどう対処しようか」「脱炭素の要請を経営層に理解してもらうためにはどうしたら良いのか？」今回は脱炭素の要請と経営層への理解についてポイントを解説。数多くの企業課題解決を成功に導いてきたプロレド・パートナーズの環境コンサルティングセクターリーダー石塚遼氏に道案内してもらう。（連載第10回、バックナンバーはこちら）前回は脱炭素の要請が取引先から企業に届くまでの背景を解説した。今回は、その要請をする側企業の分類や、それぞれの一般的なニーズやポイントを解説する。要請を発する企業はどのようなタイプがあるのか。前回ではファーストリテイリングを例に出したが、大きく分けて２つある。※記事単位での購入はポイントが必要です
25,丸紅、サウジ・ショッピングモール屋根＆駐車場に太陽光導入　約50MW,丸紅（東京都千代田区）は12月13日、子会社のAXIA POWER HOLDINGS B.V.（AXIA社）を通じて、サウジアラビアでショッピングモールを運営するCenomi Centersと、屋根置き型太陽光発電システムを活用した長期売電契約を締結したと発表した。Cenomi運営のショッピングモール屋根および駐車場に太陽光設備を導入し、約50MWの電力を供給する。サウジアラビアは、国家開発計画「Saudi Vison 2030」において、2030年までに再エネ発電量を58.7GWに増加させる目標を掲げ、取り組みを推進している。同国において、丸紅はラービグ太陽光発電事業（300MW）参画などの実績がある。
26,ミライラボ、都内駐車場で太陽光路面発電パネル・蓄電池の実証,MIRAI-LABO（東京都八王子市）は12月13日、東京建物グループの日本パーキング（同・千代田区）とともに、ZEPの実現に向けて、太陽光路面発電パネルと環境配慮型の蓄電池を活用し、使用電力を自給自足する駐車場運営の実証実験を開始したと発表した。ZEPとは、日本パーキングが独自に定めたZero Energy Parking（ゼロ・エネルギー・パーキング）の略称で、電力の省エネ推進、再エネへの転換および創エネ設備の導入により、電力小売事業者からの電力供給を頼らない駐車場の実現を目指すというもの。実証では、駐車場内の舗装面に、MIRAI-LABOが開発した、太陽光路面発電パネル「Solar Mobiway」48枚と、中古EV車両の廃バッテリーを再製品化した環境配慮型の蓄電池（EVリパーパス蓄電池）を組み合わせた自律型エネルギーシステムを設置する。
27,日本ベネックス、奈良県安堵町にて約1.3MWの屋根借りメガソーラーを稼働,"日本ベネックス（長崎県諫早市）は12月10日、物流施設「LF奈良ANNEX（奈良県生駒郡安堵町）」の屋根を賃借した太陽光発電所「ベネックス奈良2ソーラーポート」の運転を開始した。同発電所では、出力1,315.6kW (DC)、年間予想発電量は約1,47万kWh を想定している。これは、一般家庭約490世帯分に相当する。「LF奈良ANNEX」の屋上屋根に2,392枚の太陽電池モジュールが設置された。"
28,ミネベアミツミG、道内5拠点に太陽光設置・16GWh　半導体製造に活用,ミネベアミツミ（長野県北佐久郡）は12月11日、グループ会社のミツミ電機（東京都多摩市）が、北海道内5拠点に大規模太陽光発電システムを設置すると発表した。電力は自己託送により、千歳事業所での半導体製造に活用し、CO2排出量の低減およびコストダウンを図る。自己託送および太陽光発電システムの設置は、ジャパン・リニューアブル・エナジー（東京都港区）が担う。12月以降順次運転を開始し、千歳事業所で使用するピーク電力量の全量を調達する。
29,どう再エネ比率を上げるか？ ―非化石価値市場の変遷とビジネスチャンス,連載「再エネビジネスの視点で捉える電力業界における最近の注目動向」第13回。2017年、小売電気事業者の高度化法達成の手段として「非化石価値取引市場」が開設された。その意義や事業者に与えた影響、2021年度に増設された経緯はどのようなものだったか。再エネ電力事業の最前線で立上げ・運営をリードした小嶋 祐輔氏が解説する。（バックナンバーはこちら）今回から2回にわたって、2017年度に開設し、2021年度に増設された「非化石価値取引市場」の変遷と、それが事業者に与えてた影響について説明していていく。昨今では、非化石価値の取引は小売電気事業者を介してではなく、需要家が直接行えるようになってきている。小売電気事業者だけではなく、電力を買う需要家やアグリゲーター、発電事業者にとっても、複雑に変化するこの市場動向を把握することで、非化石価値取引検討の一助にしてもらいたい。非化石価値取引市場は2017年に開設され、その目的は小売電気事業者の高度化法達成の手段としての意味合いが強かった。※記事単位での購入はポイントが必要です
30,温室効果ガス排出削減等指針の見直し　ファクトリスト更新で情報提供受付,環境省は12月11日、事業者が講ずべき措置を定めた「温室効果ガス排出削減等指針」の見直しや拡充に向けて、先進的な対策や各対策の性能水準・コストなどを一覧としてまとめた「基礎的な技術情報（ファクトリスト）」の更新案について、情報提供の受付を開始すると発表した。期間は12月11日から2023年1月29日まで。同省は現在、温室効果ガス排出削減等指針において、最高水準の機器・設備など先進的な機能を対象としていくことを念頭に、関連する基礎的な技術情報の対策リスト・各対策の性能水準・コストなどの収集・整理を実施しているが、根拠に基づく情報提供の照会（Call for evidence）を実施し、さらなる情報収集を行うこととした。今回は、特に国民に開かれた形で実施するため、客観的根拠に基づくさらなる検証として、国民・専門家・事業者・NGOなどを対象に、ファクトリストの内容を踏まえた質問票に沿うよう、根拠に基づく積極的な情報提供を照会する。
31,消費行動、日本は価格優先が約5割　EYサステナブル世界調査,EY Japan（東京都千代田区）は12月11日、日本を含めた世界28カ国・2万2000人を対象に実施した消費者動向調査「第13回EY Future Consumer Index」の結果を公表し、日本と世界の比較結果を明らかにした。調査では、消費行動における優先事項について聞いた。その結果、地球環境への配慮を第一優先に掲げる日本の消費者は10％とどまり、全世界平均18％を大きく下回った。一方、「消費行動において価格を最優先する」と回答した日本人の消費者は49％で、全世界平均34％を大きく上回った。日本人が生活防衛に走る理由としては、不透明な景気見通しや物価の高止まり、それに後れを取る賃上げ状況、継続する世界情勢の緊迫など数多くの原因があると、同調査は分析している。
32,アイシングループ、SBTiの認定取得,アイシン（愛知県刈谷市）は12月8日、同社グループの温室効果ガス（GHG）排出削減目標が「SBTi（Science Based Targets Initiative）」の認定を取得したと発表した。同社グループは、2030年度のGHG排出削減目標について、スコープ1・2で46.2％削減、スコープ3（カテゴリ1・11）で27.5％削減とした（いずれも2019年度比）。この取り組みが、パリ協定が定めるGHG排出削減目標における科学的根拠に基づいた目標と認められ、今回の認定に至った。具体的には、生産・製品について以下のような取り組みを実施した。
33,グリーンコープ福岡西支部、全車両EV化　動力源も含めカーボンニュートラル,グリーンコープ共同体（福岡県福岡市）は12月7日、グリーンコープ生活協同組合ふくおかの福岡西支部で利用している全車両48台を電気自動車（EV）へ移行したと発表した。同支部では、すでに配送用トラック36台と、移動販売用トラック1台をEV化していた。11月末に、営業や小規模配達に使用している車両11台を新たにEVに転換したことで、全車両のEV化が完了したという。
34,商船三井、中東域における完成車物流事業や脱炭素事業に本腰,商船三井（東京都港区）は12月7日、DP World（ドバイ）と完成車物流事業強化と脱炭素事業機会創出のための覚書を締結した。
35,KDDI、ペロブスカイト太陽電池を活用した基地局での実証開始,KDDI（東京都千代田区）は12月6日、カーボンニュートラルを実現する「サステナブル基地局」の拡大に向けて、ペロブスカイト太陽電池とCIGS太陽電池を活用した実証実験を開始すると発表した。実証期間は2024年2月から最大で約1年間。実証実験では、群馬県の電柱型基地局に、ペロブスカイト太陽電池とCIGS太陽電池を巻き付けたポールを4本ずつ計8本設置。基地局本体の電柱から少し離した位置にポールを設置することで、ケーブル配線などへの影響を最小限にした場合の発電効率を測定する。同基地局の有用性や設置方法の検証を通じて、ペロブスカイト太陽電池とCIGS太陽電池の発電効率や設置上の課題を比較するのが狙いだ。
36,「適切に経営が行われていない？」大企業でなくとも求められる脱炭素,「大企業ではない自社が脱炭素に取り組む必要性について、改めて経営層に理解してもらいたい」、「脱炭素に取り組まないことに、何の問題があるのか」、「脱炭素に取り組むことを収益増のチャンスにできないか」。経営層、経営企画部門、環境・サステナビリティ推進部門などで、こうした課題を持つ、これから脱炭素を始めるリーダーのために、行動すべきステップを解説する本連載は「現状分析編」に移る。数多くの企業課題解決を成功に導いてきたプロレド・パートナーズの環境コンサルティングセクターリーダー石塚遼氏に道案内してもらう。（連載第9回、バックナンバーはこちら）これまでは、新しく脱炭素推進のリーダーや担当になった人たちが進めていくべき各ステップの概要を解説してきた。その中で、各ステップについてのより詳細な情報を求める反響をもらったため、それに応える形で、これから解説していく。今回は、経営層レベルでの必要性認識に関するステップの詳細だ。「経営層に脱炭素の重要性を十分に理解してもらえない」「なんとなく考えているだけで進められない」状態から脱するために、経営層に脱炭素に取り組む意義を理解してもらう解説する。連載第1回の記事『「顧客から急の要請が！」事前に脱炭素を経営層に理解してもらうには』にて、「要請を受けてからではほとんど手遅れ」と書いていたが、そもそも、なぜ要請が来るようになったのか。 経営層に脱炭素を伝える前提知識として理解する必要があるので、その背景から改めて考えよう。※記事単位での購入はポイントが必要です
37,住宅省エネ補助金の予算成立 断熱リフォームなど多様に支援（11月の官公庁ニュース26件）,政府は11月10日、住宅の省エネ化を支援する補助制度を盛り込んだ2023度補正予算案を閣議決定し、その後、11月29日に国会で成立しました。国交省・経産省・環境省の3省は「住宅省エネ2024キャンペーン」として、住宅の省エネリフォームなどの補助事業をそれぞれ実施しています。各事業はワンストップで利用可能となるものです。経産省は賃貸オーナーなどに対し、既存賃貸集合住宅向けに、エコジョーズなどの小型省エネ型給湯器の導入を支援する補助します。また、国交省は省エネ住宅の新築、住宅の省エネリフォームを支援し、環境省は既存住宅の窓（ガラス・サッシ）の断熱改修工事を支援します。そのほか、11月の官公庁ニュースでは、気候変動適応計画の進捗状況（環境省）、温室効果ガスの世界平均濃度が過去最高を更新したこと（気象庁）などについて伝えました。
38,ジンコ、ISSB国際サステナビリティ開示基準ファーストラーナーパートナー受賞,太陽光発電および蓄電池のグローバル企業であるジンコソーラー（中国・上海）は12月5日、中国・北京で開催された国際サステナビリティ大会で、ESG投資判断材料として有力な「ISSB国際サステナビリティ開示基準ファーストラーナーパートナー」証明書を受賞したことを公表した。
39,テスホールディングス、宮崎県農協果汁へオンサイトPPAで再エネ供給,テスホールディングス（⼤阪市淀川区）は12月4日、連結⼦会社のテス・エンジニアリング（⼤阪市淀川区）が宮崎県農協果汁（宮崎県児湯郡川南町）の本社工場向けに、オンサイトPPAモデルを活⽤した⾃家消費型太陽光発電システムによる再⽣可能エネルギー電気の供給事業を行うことを発表した。
40,北陸電力　廃棄パネルを活用したリサイクル材、関西万博パビリオンで採用,北陸電力（富山県富山市）は12月4日、同社が開発したリサイクル素材の「インターロッキングブロック（舗装に用いるコンクリートブロックの一種）」が、日本国際博覧会（大阪・関西万博）のパビリオンに採用されたと発表した。同社が開発したインターロッキングブロックは、太陽光パネル廃棄ガラスと同社の石炭火力発電所で石炭を燃やした後に電気集塵器で採取された微粉末の灰（フライアッシュ）を混合したもの。採用したのは、電気事業連合会のパビリオン（名称は「電力館 可能性のタマゴたち」）で、同素材を構内舗装（約1000m2）に使用する。
41,IEA、COP28で「気候クラブ」発足　産業の脱炭素化を加速,国際エネルギー機関（IEA）は12月1日、36カ国が参加し産業分野の脱炭素化を加速させる協議会「気候クラブ」（Climate Club）が発足したと発表した。IEAは経済協力開発機構（OECD）とともに、事務局として同協議会を支援する。気候クラブは、パリ協定の目標達成を推進するための、気候変動対策に精力的に取り組む国々によるオープンで協力的な協議会となる。特に産業の脱炭素化に重点を置き、気候変動対策を加速させ、21世紀半ば頃までに世界全体で温室効果ガス（GHG）排出量ネットゼロを達成するための機運を高めることを目的とする。チリとドイツが共同議長を務め、参加国は日本・韓国・米国・英国・仏国・EUなど36カ国。今後も参加国を増やしていくとしている。
42,ひろぎんHD、「追加性」のある再エネ導入　本社ビル電力の一部に利用,ひろぎんホールディングス（広島県広島市）は12月1日、オフサイトPPAにより、中国電力（同）が提供するグリーン電力を、本社ビルに導入すると発表した。ひろぎんHDは2022年11月、中国電力が提供する「再エネ特約」を導入。すでに本社ビルの使用電力の再エネ化を実現している。中国電力は今回、新たにひろぎんHD専用の太陽光発電設備を広島県内で開発。同設備で発電した電気と環境価値を同社に供給し、本社ビル使用電力の一部を、「追加性」のある再エネ由来の電力に変更する。
43,東急不動産、スキー場7施設を100％再エネ化,東急不動産（東京都渋谷区）と東急リゾーツ＆ステイ（同）は12月1日、東急スノーリゾート7スキー場の使用電力を100％再エネ化するなど、雪資源を守る環境維持に向けた取り組みの成果を発表した。東急リゾーツ＆ステイは2022年12月、東急不動産が保有するスキー場全7の使用電力について、東急不動産の再エネ発電所を活用することにより、100％再エネへの切り替えを完了した。この取り組みにより、CO2排出量は年間約8000トン削減した。対象施設は、以下のとおり。ニセコ東急 グラン・ヒラフ（北海道）、ハンターマウンテン塩原（栃木県）、マウントジーンズ那須（栃木県）、たんばらスキーパーク（群馬県）、タングラム斑尾（長野県）、蓼科東急スキー場（長野県）。このほか、スノーコミュニティへのゼロカーボン活動支援などで以下の取り組みを推進した。
44,東京都、自己託送太陽光発電や蓄電池などの再エネ設備に半額補助　3月まで,「太陽光発電設備の導入を考えているが、何かよい補助制度はないだろうか」「補助金の活用にはどういった設計が必要だろうか」「条件や金額はどのようになっていだろうか」今回は、このような課題や悩みに、東京都で助成している制度について、太陽光発電設備に関する税務を専門とし、税務申告や生産性税制申請業務、コンサルティング業務を行っている税理士の山田 純也氏に解説してもらった。（バックナンバーはこちら）前回は、東京都の「地産地消型再エネ増強プロジェクト」助成金を紹介した。今回は、同じ東京都の別の助成金、「再エネ設備の新規導入につながる電力調達構築事業」を紹介する。公募期間は令和6年3月29日までである。※記事単位での購入はポイントが必要です
45,ハンファジャパン、オフサイトPPAで30億円調達　MUFGの脱炭素支援,ハンファジャパン（東京都港区）は11月30日、三菱UFJ銀行（同・千代田区）が提供する「脱炭素推進支援ローン」により、30億円を調達したと発表した。この資金はハンファジャパンのグループ会社Q.ENEST（キューエネス）パワー（同・港区）が展開するオフサイトPPA事業をさらに拡大するため活用される。世界710拠点で事業展開する韓国ハンファグループの日本法人であるハンファジャパンは、グリーンエネルギーへの投資を拡大し、再エネ事業を幅広く展開している。PPA事業では住宅、産業用合わせてオンサイト累計75MW、すでに契約済みのオフサイトを合わせると累計200MW弱の自家発電所を保有している。また、蓄電池の積極的な活用により分散電源や次世代VPPの提案にも注力している。
46,日本触媒、インドネシア子会社が太陽光導入　CO2排出24％削減,日本触媒（大阪市中央区）は11月30日、インドネシアの子会社NIPPON SHOKUBAI INDONESIA（NSI）が、インドネシア国営電力公社（PLN）と再エネ由来の電力購入契約を締結し、太陽光発電システムを導入したと発表した。この取り組みにより、NSIとして、CO2排出量の約24％（年間4万8000トン）が削減できる見込みだ。NSIは2023年10月、太陽光発電システムを導入した。9万6500kWhの電力を再エネ由来に転換することで、年間84トンのCO2を削減するとともに、非常時には、再エネ電力をバックアップ用途として活用するとしている。
47,低炭素リユースPC提供へ、全12拠点・再エネ電力に転換　日本システムケア,日本システムケア（東京都品川区）は11月30日、本社ビルを含む全国12カ所の拠点で使用する電力の全量を、トラッキング付FIT非化石証書が付帯された実質再エネ由来の電力に転換すると発表した。GHG排出量を削減することで、パソコンのリユース化にかかる電力の削減につながるとしている。日本システムケアの主力事業である「LCMサービス」は、法人・自治体で不要となったパソコン機器を資産として再評価し、選別処理・買取を行い、リユースパソコンとして再生する。今回、全国全12拠点に再エネ由来の電力を導入することで、パソコンのリユース化にかかる、データ消去・機能検査・クリーニング・キッティング・梱包といった作業で利用する電力のすべてが、実質再エネ由来電力に切り替わることになる。
48,アサヒビール、国内2工場に太陽光PPA導入,アサヒグループジャパン（東京都墨田区）は11月30日、アサヒビール茨城工場（茨城県守谷市）と吹田工場（大阪府吹田市）の2工場に、PPAモデルによる太陽光発電設備を導入したと発表した。今回の導入により、アサヒビールの全工場における再エネ使用率は約38％となった。今回、茨城工場に設置された太陽光パネルの容量は2651kW（4820枚）、発電量は3041MWh／年の見込み。吹田工場のパネル容量は約1315kW（2410枚）、発電量は1638MWh／年の見込み。
49,コスモ石油マーケ、鎌ケ谷市の本庁舎・小中学校に再エネ電力供給,コスモ石油マーケティング（東京都港区）は12月1日より、千葉県鎌ケ谷市の本庁舎および小中学校など26施設に対し、「コスモでんきビジネスグリーン」を活用した再エネ電力の供給を開始した。26施設で使用する年間使用電力量約520万kWhが再エネ電力に切り替わる。この取り組みにより、CO2排出量は約2300トン削減できる見込みだ。
50,日本に必要な再エネ電源は？「地球沸騰化」の認知度は？　電通、脱炭素調査,電通（東京都港区）は11月30日、15～79歳の男女1400人を対象に、第12回「カーボンニュートラルに関する生活者調査」を実施し、「地球沸騰化」に関するニュースの認知率などを明らかにした。調査では、国連のグテーレス事務総長が「地球沸騰化」という表現で警鐘を鳴らしたことについて、どの程度知っているかを尋ねた。その結果、認知率は（確かに知っていると見聞きしたことがあるの合計）45.3％だった。年代別では、70歳代（72.8％）が最も高く、次いで、60歳代（55.6％）、15～19歳（52.8％）と続いた。一方、20歳〜50歳代の認知度は低く、いずれも40％を下回った。
51,第二電力、太陽光発電の設置2000件を達成,第二電力（大阪府大阪市）は11月27日、太陽光発電設備の設置台数が累計2000件に達したと発表した。同社は2012年の設立以来、企業の工場や倉庫の屋根に太陽光発電設備を導入する取り組みを推進している。2023年11月時点での事業別設置実績は、以下のとおり。
52,【フォーラムレポート】Scope3の脱炭素化～事例で学ぶ課題と対応策～PR,企業におけるこれからの経営戦略に欠かせない要素となる脱炭素。パーソルプロセス＆テクノロジーでは、専門知識とノウハウを持つ人材が、計画から実行まで脱炭素への取り組みをトータルでサポートする。脱炭素化実現へ向けた実務、特にScope3の課題や取り組み事例を同社の梅田 篤氏が解説する。2050年のカーボンニュートラル実現へ向け、企業は自社における温室効果ガス（GHG）排出にあたるScope1、2だけでなく、サプライチェーン全体のGHG排出であるScope3まで含めた脱炭素への取り組みが必須となってきている。2023年6月には、国際会計基準の策定を担うIFRS財団傘下の国際サステナビリティ基準審議会（ISSB）が最初のサステナビリティ開示基準を公表した。国内でも2024年には有価証券報告書へのサステナビリティ部分の情報開示の義務化が付け加えられ、2025年へ向け、サステナビリティ基準委員会（SSBJ）により、IFRSで検討されているフレームワークの国内への適用が検討されている。「現状は大手企業を中心に対応が進んでいますが、今後は大手企業と取引するサプライチェーンまで含めてCO2排出を抑制していくことが取り組みとして求められていきます」とパーソルプロセス＆テクノロジーGXソリューション部部長の梅田篤氏は説明する。こうした取り組みのベースとなっていくのが、Scope3までを含めたCO2排出量の可視化だ。Scope3を含めた排出量の算定・情報開示・削減の取り組みを行うには、各サプライヤ企業との連携が必須となる。「Scope3への対応には、現状を把握した上で一定のロードマップを作成し、それを推進するための体制をつくり、サプライヤへ排出量算定と排出量の削減を要請していく。それを踏まえて今後の打ち手を考えていくことが必要です。サプライヤとの連携がきちんとできない限り、サプライチェーン全体での排出削減は不可能で、ここがボトルネックとなる企業が多々あります」Scope3への対応における主な課題は2つ挙げられる。（1）サプライヤ企業や連結子会社との連携体制の構築と、（2）社内でのデータ収集体制・オペレーションの確立だ。「体制の確立においては、経営層・関係会社の理解が重要なポイントとなります。そのセクションで合意形成ができれば、後はスムーズに進む会社が非常に多いです」と梅田氏はいう。また、関係各所との連携体制を構築し、それを推進するための部署や役割を明確化すること、そして実際に対応する人員の確保も必要だ。オペレーションの確立においては、業務プロセスの構築・可視化、統一マニュアルの策定、自動化ツールによる効率化、PDCAサイクルの実行などが主なポイントとなる。AIやIoTなどテクノロジーの活用と業務構築を得意とするアウトソーシングとの掛け合わせで顧客の抜本的なビジネスプロセスの変革をサポートするパーソルプロセス＆テクノロジーでは、企業の脱炭素へ向けた取組を、〈脱炭素経営サポート〉として、（1）CO2排出量の算定支援、（2）CO2排出算定ツール導入支援、（3）脱炭素経営コンサルティング、（4）排出量削減施策の実行支援、（5）研修・ノウハウ支援の5つのサービスカテゴリーでサポートする。「脱炭素経営に向けた第一歩としてのCO2排出量の算定・可視化の支援から、体制の構築、運用プロセス、実行に必要な人材育成まで、一気通貫でサービスを提供しています」今回は特に、Scope3への取り組みに対するサポート事例について2件紹介する。1件目の事例は、国内における2026年のISSB基準早期適用に備えて、連結子会社を含むScope3排出量の算定に取り組む企業だ。子会社の業務・業態が多種多様で、Scope3排出量算定の対応に苦慮していたという。課題は大きく分けて2つ。1つ目は子会社とどう連携し算定すればよいか分からないという点、2つ目は自社にScope3排出量算定の知識がなく、子会社への説明ができない点だ。「1つ目の課題に対しては、多種多様な子会社を業務・業態によってグルーピングし、グループごとに必要な算定範囲を設定しました。2つ目の課題に関しては、算定の背景や必要となる知識について、子会社別説明会や個別フォローを行いました」まずは、グルーピングした子会社に対して事前ヒアリングを実施。それを受けて、算定に必要なデータの範囲、算定ロジック、データ収集方法などを整理・設定した。その後、算定を行うために必要な情報はどの部分で、どのように算定すればよいのかを統一フォーマットを使用して各子会社へ伝え、Scope3算定の範囲・方法の明確化と、連結子会社との円滑なコミュニケーション体制を確立した。2件目の事例は、TCFD提言に沿った情報開示へ向けて、具体的な削減のアクションプランを意識しながら、自力でScope3の排出量算定を行っていた企業だ。Scope3のなかでもカテゴリ1（購入した製品・サービスが製造されるまでの活動におけるCO2排出）の比重が大きく、品種ごとの膨大なデータの調達と、それぞれの算定における工数負担が大きな課題となっていた。「膨大なデータを同種のものにグルーピングした上で排出量算定が適切に行える範囲で情報の粒度を上げ、データ排出係数を紐づけて、自動化していきました」具体的には、22万件あったデータを30分類に仕分け、分類ごとに排出係数をかけて、自動的に算出する仕組みを構築。これにより、従来2～3週間かかっていた業務を約1時間で完了できるまでに改善した。また、Scope3・カテゴリ11（販売した製品の使用に関するCO2排出）については代表製品を基に拡大推計していたため、排出量が極めて多くなっていたことも判明した。「膨大な出荷パターンがあるにも関わらず1つの製品を代表製品としていたため、排出量が実態に即していませんでした。そこで、環境省のガイドラインを基に製品の販売データを分類し、製品ごとにデータベース化し、算定を精緻化しました」データが膨大で概算になりがちなScope3算定の効率化と精緻化を実現した。「パーソルプロセス＆テクノロジーでは、ワンストップの支援を大事にしています。我々の持ち味であるプロセスデザインの力を活かし、そこに専門性を加味して企業の脱炭素化を支援していきたいと思います」梅田氏は自信を込めて語った。パーソルプロセス＆テクノロジー株式会社GXソリューション部〒107-0052東京都港区赤坂3-3-3 住友生命赤坂ビル9FEmail：ppt-info-gxservice@persol-pt.co.jphttps://www.persol-pt.co.jp/service/gx/
53,【フォーラムレポート】脱炭素社会の実現で期待される「再エネ電源活用」PR,2050年のカーボンニュートラルに向けた動きが世界的に進むなか、日本でも脱炭素社会実現へ向けた取り組みが活発化している。企業のゼロカーボン化を実現する最適なソリューションの提案を行う関西電力。今回は再エネ電源を活用したソリューションについて解説する。2015年のパリ協定採択以降、世界は気温上昇1.5℃以内、2050年のカーボンニュートラルを見据え、大きく舵を切っている。日本では2021年10月、温室効果ガスについて『2013年比で46％削減』の政府目標を掲げており、企業の脱炭素への取り組みが加速している。2023年5月に開催された『G7広島サミット』では、世界のGHG排出量を2019年比で2030年までに約43％、2035年までに約60％削減することの緊急性が高まっていることが強調された。また、同7月には国際連合のグテーレス事務総長が『地球温暖化の時代は終わり、地球沸騰化の時代が到来した』と警鐘を鳴らし、各国に気候変動対策を強化するよう訴えた。これらの状況を踏まえて、日本でも『改正省エネ法』や『GX推進法』が施行され、具体的な取り組みの活性化に向けて動きだしている。企業においては、国際的イニシアティブへの加盟が加速している。企業の気候変動への取り組みに関する情報開示の枠組みである『TCFD』、脱炭素へ向けた温室効果ガスの目標設定である『SBT』、事業活動に必要な電力の100％再エネ化を目指す『RE100』ともに、日本企業の加盟数はトップクラスとなっており、地球温暖化対策への日本企業の関心の高まりがうかがえる。気候変動対策や脱炭素への取り組みとして、エネルギー使用量を減らす省エネ活動は従来から行われてきたものの、事業活動を行う上でエネルギーは欠かせない。とりわけ電力については、再エネ由来の電力を活用することで、事業活動と脱炭素化を両立していこうとする取り組みが加速している。「再エネ電力の調達方法は多様化しており、志向・目的に合った選択や組み合わせが可能です」と関西電力ソリューション本部課長の五井 洋平氏は語る。再エネの主な調達方法は4つで、1つ目は〈証書やクレジットの購入〉だ。再エネ電力が生み出す環境価値を証書やクレジットによって購入する方法で、電力購入と切り離し、再エネ比率を高めることが可能だ。2つ目に〈再エネ電力メニューの契約〉がある。再エネ電力を小売電気料金メニューとして契約する方法で、自社で調達する手間を省くと同時に安定的な調達が可能となる。3つ目は〈再エネ電源の自社開発〉。自社の施設構内または別の場所に再エネ発電設備を設置し自家消費する。そして最後が今回のテーマである〈PPA：電力販売契約〉だ。PPA事業者が再エネ発電設備を需要場所に設置するオンサイト型と、再エネ発電設備を需要場所と別の場所に設置し、電力系統により再エネ電力を送るオフサイト型がある。『第三者モデル』とも呼ばれ、需要家側の初期投資が不要である点もポイントだ。今回は、オフサイト型のPPAの中でも特に『コーポレートPPA』について解説する。関西電力の展開する『コーポレートPPA』では、同社が出資して組成した特別目的会社が再エネ電源を建設し関西電力が再エネ電力を供給する。2025年までの3カ年で、関西・東京・中部エリアに最大15万kWの太陽光、再エネ電源の開発を目指す。採用事例として、日本生命保険相互会社では、『コーポレートPPA』と併せて非化石証書を活用した環境メニューを活用し、本店ビル群3施設の実質再エネ100％に取り組んでいる。また、西日本旅客鉄道株式会社でも同様に、環境メニューとの併用で大阪環状線・JRゆめ咲線の2路線を実質再エネ100％とする予定。「幅広い業種のお客さまから関心を示していただいており、脱炭素施策における『コーポレートPPA』の有効性を実感しています」再エネ開発に積極的に取り組む関西電力では、2040年までに国内で1兆円規模の投資を行い、新規開発500万kW、累計開発900万kWの再エネ電源開発を目指していく。「まずは太陽光や既存水力電源、そして中長期的には洋上風力を含めた風力発電で24時間再エネ化の実現を目指します。各企業の脱炭素へ向けた継続的な取り組みに対し、再エネ全般におけるソリューションの提供を目指していきます」中長期的な取り組みイメージとしては、2030年前後に既存水力電源や新規太陽光発電の拡大に加え、風力電源を立ち上げることで新規追加性を有する再エネ電源を拡大していく。2050年前後には、風力電源や蓄電池の活用も含め、夜間や天候不良時にも再エネ電源の供給や利用が可能な世界の実現を目指す。「各企業が設定する環境目標の実現に向けて、RE100の技術要件や国内の再エネ開発状況も踏まえた、時間軸ごとに最適なソリューションの組み合わせを考え、継続的な取り組みを進めていきたいと思っています」開発ポテンシャルの大きい洋上風力については、日本各地でプロジェクトを進めている。複数の共同事業者と共に進めている秋田県能代港の洋上風力（出力13.9万kW）では、日本国内初の商業ベースでの大型洋上風力発電として、2023年1月末に商用運転を開始。現在は、長崎県五島市沖の洋上風力（出力16.8万kW）についても、2026年1月の運転開始を目指し工事を進めている。「関西電力では、今後もゼロカーボンエネルギーのリーディングカンパニーとして積極的に再エネ開発を進め、企業の脱炭素経営の推進と脱炭素社会の実現に貢献していきます」今後も企業のカーボンニュートラル推進に寄り添う姿勢を見せた。お問い合わせ先関西電力株式会社〒530-8270大阪市北区中之島3-6-16https://sol.kepco.jp/cp/202105zero/
54,積水ハウスら3社、京都で次世代脱炭素街区PJ　全住宅ZEH仕様など,積水ハウス（大阪府大阪市）、阪急阪神不動産（同）、京阪電鉄不動産（同）の3社は11月28日、京都府内において大規模街区開発事業を開始すると発表した。脱炭素先行地域における自家消費・地産地消型の「次世代脱炭素街区」を創出するとともに、タウンマネジメントシステムの仕組みを構築する。同プロジェクトでは、全住宅はすべてZEH仕様とし、太陽光発電の設置により自家消費の最大化を図る。またタウンマネジメントでは、住民だけではなく、地域や大学など共創し開かれたシステムづくりに取り組む方針だ。このほか、次世代脱炭素街区では、以下の取り組みも実施する。
